Date,China,India,US,EU,Russia,Japan,Brazil,ROW,Domestic Aviation,International Aviation,All Aviation
01/01/2019,0.15,0.03,0.36,0.02,0.01,0.02,0.02,0.13,0.75,1.46,2.21
02/01/2019,0.15,0.03,0.44,0.03,0.02,0.02,0.03,0.14,0.87,1.61,2.47
03/01/2019,0.15,0.03,0.46,0.03,0.03,0.02,0.03,0.15,0.89,1.64,2.53
04/01/2019,0.15,0.03,0.44,0.03,0.03,0.02,0.03,0.14,0.87,1.66,2.54
05/01/2019,0.15,0.03,0.41,0.03,0.03,0.02,0.02,0.13,0.81,1.72,2.53
06/01/2019,0.15,0.03,0.40,0.03,0.03,0.02,0.02,0.14,0.81,1.74,2.56
07/01/2019,0.15,0.03,0.42,0.03,0.03,0.02,0.03,0.14,0.85,1.62,2.47
08/01/2019,0.15,0.03,0.42,0.02,0.03,0.02,0.03,0.14,0.85,1.54,2.38
09/01/2019,0.15,0.03,0.41,0.03,0.03,0.02,0.03,0.14,0.83,1.53,2.37
10/01/2019,0.16,0.03,0.47,0.03,0.03,0.02,0.03,0.15,0.91,1.66,2.57
11/01/2019,0.13,0.03,0.35,0.02,0.02,0.01,0.02,0.12,0.71,1.49,2.20
12/01/2019,0.15,0.03,0.37,0.03,0.02,0.02,0.03,0.12,0.77,1.65,2.41
13/01/2019,0.15,0.03,0.33,0.03,0.03,0.02,0.02,0.13,0.74,1.65,2.39
14/01/2019,0.16,0.03,0.40,0.03,0.03,0.02,0.03,0.14,0.83,1.57,2.40
15/01/2019,0.16,0.03,0.41,0.03,0.02,0.02,0.03,0.14,0.83,1.48,2.32
16/01/2019,0.13,0.03,0.37,0.03,0.02,0.01,0.02,0.12,0.73,1.30,2.03
17/01/2019,0.16,0.03,0.43,0.03,0.02,0.02,0.03,0.14,0.86,1.54,2.40
18/01/2019,0.16,0.03,0.45,0.02,0.03,0.02,0.03,0.14,0.88,1.61,2.49
19/01/2019,0.16,0.03,0.36,0.03,0.02,0.02,0.02,0.12,0.77,1.63,2.40
20/01/2019,0.16,0.03,0.30,0.03,0.02,0.02,0.02,0.13,0.71,1.63,2.33
21/01/2019,0.16,0.03,0.38,0.03,0.02,0.02,0.03,0.14,0.82,1.57,2.39
22/01/2019,0.16,0.03,0.42,0.03,0.02,0.02,0.03,0.14,0.85,1.49,2.34
23/01/2019,0.16,0.03,0.40,0.03,0.02,0.02,0.03,0.14,0.83,1.51,2.34
24/01/2019,0.16,0.03,0.43,0.03,0.02,0.02,0.03,0.14,0.86,1.55,2.41
25/01/2019,0.16,0.03,0.44,0.02,0.03,0.02,0.03,0.14,0.88,1.61,2.49
26/01/2019,0.17,0.03,0.38,0.03,0.02,0.02,0.02,0.12,0.79,1.63,2.41
27/01/2019,0.17,0.03,0.35,0.03,0.02,0.02,0.02,0.13,0.77,1.68,2.45
28/01/2019,0.13,0.03,0.38,0.03,0.02,0.01,0.02,0.12,0.73,1.41,2.14
29/01/2019,0.17,0.03,0.40,0.03,0.02,0.02,0.03,0.14,0.83,1.48,2.31
30/01/2019,0.17,0.03,0.38,0.03,0.02,0.02,0.03,0.14,0.82,1.49,2.32
31/01/2019,0.17,0.03,0.41,0.03,0.02,0.02,0.03,0.14,0.85,1.55,2.40
01/02/2019,0.17,0.03,0.43,0.02,0.03,0.02,0.03,0.14,0.88,1.62,2.50
02/02/2019,0.17,0.03,0.38,0.03,0.02,0.02,0.02,0.13,0.79,1.64,2.44
03/02/2019,0.17,0.03,0.33,0.03,0.02,0.02,0.02,0.13,0.75,1.63,2.38
04/02/2019,0.14,0.03,0.40,0.03,0.03,0.02,0.02,0.14,0.80,1.56,2.36
05/02/2019,0.15,0.03,0.42,0.03,0.02,0.02,0.02,0.14,0.84,1.48,2.31
06/02/2019,0.16,0.03,0.40,0.03,0.02,0.02,0.02,0.14,0.83,1.48,2.31
07/02/2019,0.16,0.03,0.42,0.03,0.02,0.02,0.02,0.14,0.86,1.51,2.37
08/02/2019,0.16,0.03,0.44,0.02,0.03,0.02,0.02,0.14,0.88,1.58,2.46
09/02/2019,0.17,0.03,0.38,0.02,0.02,0.02,0.02,0.12,0.79,1.62,2.40
10/02/2019,0.17,0.03,0.35,0.03,0.02,0.02,0.02,0.13,0.77,1.62,2.39
11/02/2019,0.17,0.03,0.41,0.03,0.03,0.02,0.02,0.14,0.85,1.54,2.40
12/02/2019,0.17,0.03,0.39,0.03,0.02,0.02,0.02,0.14,0.82,1.47,2.29
13/02/2019,0.17,0.03,0.41,0.03,0.02,0.02,0.02,0.13,0.84,1.46,2.30
14/02/2019,0.16,0.03,0.45,0.03,0.03,0.02,0.02,0.14,0.88,1.56,2.44
15/02/2019,0.17,0.03,0.47,0.02,0.03,0.02,0.02,0.14,0.91,1.63,2.54
16/02/2019,0.17,0.03,0.40,0.03,0.02,0.02,0.02,0.12,0.81,1.67,2.48
17/02/2019,0.17,0.03,0.34,0.03,0.02,0.02,0.02,0.13,0.76,1.66,2.42
18/02/2019,0.17,0.03,0.42,0.03,0.03,0.02,0.02,0.14,0.86,1.58,2.44
19/02/2019,0.16,0.03,0.45,0.03,0.02,0.02,0.02,0.14,0.87,1.51,2.38
20/02/2019,0.17,0.03,0.41,0.03,0.02,0.02,0.02,0.14,0.84,1.51,2.35
21/02/2019,0.17,0.03,0.44,0.03,0.02,0.02,0.02,0.14,0.88,1.56,2.43
22/02/2019,0.17,0.03,0.45,0.02,0.03,0.02,0.02,0.14,0.89,1.63,2.52
23/02/2019,0.17,0.03,0.40,0.03,0.02,0.02,0.02,0.12,0.80,1.67,2.47
24/02/2019,0.17,0.03,0.37,0.03,0.02,0.02,0.02,0.13,0.79,1.68,2.47
25/02/2019,0.17,0.03,0.42,0.03,0.03,0.02,0.02,0.14,0.85,1.59,2.44
26/02/2019,0.17,0.03,0.43,0.03,0.02,0.02,0.02,0.14,0.86,1.52,2.38
27/02/2019,0.17,0.03,0.44,0.03,0.02,0.02,0.02,0.14,0.87,1.52,2.39
28/02/2019,0.16,0.03,0.46,0.03,0.02,0.02,0.02,0.14,0.89,1.57,2.46
01/03/2019,0.16,0.03,0.46,0.03,0.03,0.02,0.03,0.14,0.90,1.62,2.52
02/03/2019,0.16,0.03,0.40,0.02,0.02,0.02,0.02,0.13,0.80,1.67,2.47
03/03/2019,0.16,0.03,0.38,0.03,0.02,0.02,0.01,0.13,0.79,1.67,2.46
04/03/2019,0.16,0.03,0.42,0.03,0.03,0.02,0.01,0.14,0.84,1.58,2.42
05/03/2019,0.16,0.03,0.44,0.03,0.02,0.02,0.02,0.14,0.86,1.53,2.39
06/03/2019,0.16,0.03,0.45,0.03,0.02,0.02,0.02,0.14,0.88,1.54,2.42
07/03/2019,0.16,0.03,0.46,0.03,0.02,0.02,0.02,0.14,0.89,1.57,2.46
08/03/2019,0.16,0.03,0.47,0.04,0.03,0.02,0.02,0.14,0.90,1.64,2.54
09/03/2019,0.15,0.03,0.42,0.02,0.02,0.02,0.02,0.12,0.81,1.68,2.49
10/03/2019,0.16,0.03,0.43,0.03,0.02,0.02,0.02,0.13,0.84,1.70,2.53
11/03/2019,0.15,0.03,0.46,0.03,0.03,0.02,0.02,0.14,0.89,1.61,2.49
12/03/2019,0.15,0.03,0.46,0.03,0.02,0.02,0.02,0.14,0.88,1.53,2.41
13/03/2019,0.15,0.03,0.44,0.03,0.02,0.02,0.02,0.14,0.87,1.53,2.40
14/03/2019,0.15,0.03,0.45,0.03,0.03,0.02,0.02,0.14,0.87,1.58,2.45
15/03/2019,0.16,0.03,0.49,0.04,0.03,0.02,0.02,0.14,0.92,1.64,2.56
16/03/2019,0.15,0.03,0.44,0.02,0.02,0.02,0.02,0.12,0.83,1.69,2.52
17/03/2019,0.15,0.03,0.43,0.03,0.03,0.02,0.02,0.13,0.83,1.68,2.51
18/03/2019,0.15,0.03,0.45,0.03,0.03,0.02,0.02,0.14,0.88,1.60,2.48
19/03/2019,0.15,0.03,0.46,0.03,0.02,0.02,0.02,0.14,0.87,1.53,2.40
20/03/2019,0.15,0.03,0.46,0.03,0.03,0.02,0.02,0.14,0.89,1.55,2.43
21/03/2019,0.15,0.03,0.47,0.03,0.03,0.02,0.02,0.14,0.90,1.59,2.49
22/03/2019,0.15,0.03,0.48,0.04,0.03,0.02,0.02,0.14,0.91,1.64,2.55
23/03/2019,0.15,0.03,0.44,0.02,0.02,0.02,0.02,0.12,0.83,1.68,2.50
24/03/2019,0.15,0.03,0.42,0.03,0.02,0.02,0.02,0.13,0.83,1.69,2.52
25/03/2019,0.15,0.03,0.45,0.03,0.03,0.02,0.02,0.14,0.87,1.64,2.51
26/03/2019,0.10,0.03,0.45,0.03,0.02,0.02,0.02,0.13,0.79,1.47,2.26
27/03/2019,0.15,0.03,0.46,0.03,0.02,0.02,0.02,0.14,0.89,1.55,2.44
28/03/2019,0.15,0.03,0.48,0.03,0.02,0.02,0.02,0.15,0.91,1.61,2.52
29/03/2019,0.15,0.03,0.48,0.04,0.03,0.02,0.02,0.15,0.91,1.65,2.56
30/03/2019,0.15,0.03,0.43,0.02,0.02,0.02,0.02,0.12,0.82,1.68,2.50
31/03/2019,0.16,0.03,0.43,0.03,0.02,0.02,0.02,0.13,0.83,1.72,2.55
01/04/2019,0.16,0.03,0.45,0.03,0.03,0.02,0.02,0.14,0.89,1.65,2.54
02/04/2019,0.16,0.03,0.46,0.03,0.03,0.02,0.02,0.14,0.89,1.61,2.50
03/04/2019,0.16,0.03,0.46,0.03,0.03,0.02,0.02,0.15,0.89,1.63,2.52
04/04/2019,0.16,0.03,0.47,0.04,0.03,0.02,0.02,0.15,0.91,1.66,2.57
05/04/2019,0.15,0.03,0.48,0.04,0.03,0.02,0.02,0.15,0.91,1.69,2.60
06/04/2019,0.15,0.03,0.41,0.03,0.03,0.02,0.02,0.12,0.80,1.71,2.51
07/04/2019,0.16,0.03,0.41,0.03,0.03,0.02,0.02,0.13,0.82,1.73,2.55
08/04/2019,0.16,0.03,0.45,0.04,0.03,0.02,0.02,0.14,0.89,1.65,2.53
09/04/2019,0.15,0.03,0.46,0.04,0.03,0.02,0.02,0.15,0.89,1.62,2.51
10/04/2019,0.16,0.03,0.49,0.04,0.03,0.02,0.02,0.15,0.93,1.88,2.81
11/04/2019,0.09,0.02,0.33,0.03,0.02,0.01,0.02,0.09,0.60,1.20,1.79
12/04/2019,0.16,0.03,0.48,0.04,0.03,0.02,0.02,0.15,0.92,1.71,2.64
13/04/2019,0.16,0.03,0.41,0.03,0.03,0.02,0.02,0.13,0.81,1.78,2.59
14/04/2019,0.16,0.03,0.38,0.03,0.03,0.02,0.02,0.13,0.79,1.75,2.55
15/04/2019,0.16,0.03,0.45,0.03,0.03,0.02,0.02,0.14,0.88,1.67,2.55
16/04/2019,0.16,0.03,0.47,0.03,0.03,0.02,0.02,0.15,0.90,1.63,2.53
17/04/2019,0.16,0.03,0.47,0.04,0.03,0.02,0.02,0.15,0.90,1.66,2.56
18/04/2019,0.16,0.03,0.47,0.04,0.03,0.02,0.02,0.15,0.91,1.70,2.61
19/04/2019,0.15,0.03,0.45,0.03,0.03,0.02,0.02,0.14,0.87,1.70,2.57
20/04/2019,0.15,0.03,0.40,0.03,0.03,0.02,0.01,0.12,0.79,1.74,2.53
21/04/2019,0.16,0.03,0.38,0.03,0.03,0.02,0.02,0.13,0.78,1.76,2.54
22/04/2019,0.16,0.03,0.46,0.03,0.03,0.02,0.02,0.15,0.90,1.68,2.58
23/04/2019,0.15,0.03,0.47,0.04,0.03,0.02,0.02,0.15,0.90,1.65,2.55
24/04/2019,0.16,0.03,0.46,0.04,0.03,0.02,0.02,0.14,0.89,1.65,2.54
25/04/2019,0.15,0.03,0.48,0.04,0.03,0.02,0.02,0.15,0.91,1.69,2.61
26/04/2019,0.15,0.03,0.47,0.04,0.03,0.02,0.02,0.15,0.90,1.70,2.61
27/04/2019,0.15,0.03,0.41,0.03,0.03,0.02,0.02,0.13,0.81,1.77,2.58
28/04/2019,0.16,0.03,0.42,0.03,0.03,0.02,0.02,0.14,0.83,1.79,2.61
29/04/2019,0.16,0.03,0.46,0.04,0.03,0.02,0.02,0.15,0.89,1.68,2.57
30/04/2019,0.16,0.03,0.46,0.03,0.03,0.02,0.02,0.14,0.88,1.65,2.53
01/05/2019,0.16,0.03,0.47,0.03,0.03,0.02,0.02,0.14,0.90,1.66,2.56
02/05/2019,0.15,0.03,0.47,0.03,0.03,0.02,0.02,0.15,0.90,1.67,2.56
03/05/2019,0.16,0.03,0.48,0.04,0.03,0.02,0.02,0.15,0.92,1.72,2.63
04/05/2019,0.16,0.03,0.41,0.03,0.03,0.02,0.02,0.13,0.82,1.75,2.57
05/05/2019,0.16,0.03,0.41,0.03,0.03,0.02,0.02,0.13,0.82,1.76,2.59
06/05/2019,0.16,0.03,0.46,0.04,0.03,0.02,0.02,0.14,0.89,1.68,2.57
07/05/2019,0.16,0.03,0.46,0.04,0.03,0.02,0.02,0.14,0.89,1.63,2.52
08/05/2019,0.16,0.03,0.45,0.03,0.03,0.02,0.02,0.14,0.88,1.63,2.51
09/05/2019,0.16,0.03,0.48,0.03,0.03,0.02,0.02,0.14,0.91,1.63,2.54
10/05/2019,0.16,0.03,0.48,0.04,0.03,0.02,0.02,0.14,0.92,1.71,2.63
11/05/2019,0.15,0.03,0.40,0.03,0.03,0.02,0.02,0.12,0.80,1.75,2.55
12/05/2019,0.16,0.03,0.38,0.03,0.03,0.02,0.01,0.13,0.78,1.73,2.52
13/05/2019,0.16,0.03,0.44,0.04,0.03,0.02,0.02,0.14,0.88,1.65,2.53
14/05/2019,0.15,0.03,0.48,0.04,0.03,0.02,0.02,0.14,0.90,1.62,2.52
15/05/2019,0.15,0.03,0.47,0.04,0.03,0.02,0.02,0.14,0.90,1.63,2.53
16/05/2019,0.16,0.03,0.50,0.04,0.03,0.02,0.02,0.15,0.93,1.67,2.61
17/05/2019,0.15,0.03,0.50,0.04,0.03,0.02,0.02,0.14,0.94,1.71,2.65
18/05/2019,0.15,0.03,0.42,0.03,0.03,0.02,0.02,0.12,0.82,1.76,2.58
19/05/2019,0.15,0.03,0.43,0.03,0.03,0.02,0.02,0.13,0.83,1.75,2.58
20/05/2019,0.15,0.03,0.48,0.04,0.03,0.02,0.02,0.14,0.90,1.68,2.59
21/05/2019,0.16,0.03,0.48,0.03,0.03,0.02,0.02,0.14,0.91,1.62,2.53
22/05/2019,0.16,0.03,0.49,0.04,0.03,0.02,0.02,0.14,0.93,1.65,2.57
23/05/2019,0.16,0.03,0.49,0.04,0.03,0.02,0.02,0.15,0.93,1.71,2.64
24/05/2019,0.16,0.03,0.51,0.04,0.03,0.02,0.02,0.15,0.96,1.76,2.71
25/05/2019,0.15,0.03,0.43,0.03,0.03,0.02,0.02,0.13,0.83,1.79,2.62
26/05/2019,0.15,0.03,0.35,0.03,0.03,0.02,0.02,0.13,0.76,1.78,2.54
27/05/2019,0.15,0.03,0.42,0.04,0.03,0.02,0.02,0.14,0.85,1.69,2.54
28/05/2019,0.15,0.03,0.46,0.04,0.03,0.02,0.02,0.15,0.89,1.67,2.56
29/05/2019,0.15,0.03,0.46,0.04,0.03,0.02,0.02,0.14,0.90,1.67,2.57
30/05/2019,0.15,0.03,0.49,0.03,0.03,0.02,0.02,0.15,0.93,1.73,2.65
31/05/2019,0.16,0.03,0.50,0.03,0.03,0.02,0.02,0.15,0.95,1.78,2.73
01/06/2019,0.16,0.03,0.43,0.03,0.03,0.02,0.02,0.13,0.85,1.84,2.68
02/06/2019,0.15,0.03,0.41,0.03,0.03,0.02,0.02,0.14,0.83,1.85,2.68
03/06/2019,0.15,0.03,0.47,0.04,0.03,0.02,0.02,0.15,0.92,1.76,2.68
04/06/2019,0.15,0.03,0.49,0.04,0.03,0.02,0.02,0.15,0.92,1.73,2.66
05/06/2019,0.15,0.03,0.48,0.04,0.03,0.02,0.02,0.14,0.91,1.74,2.66
06/06/2019,0.15,0.03,0.50,0.04,0.03,0.02,0.02,0.15,0.94,1.79,2.73
07/06/2019,0.15,0.03,0.51,0.04,0.03,0.02,0.02,0.15,0.95,1.83,2.78
08/06/2019,0.14,0.03,0.45,0.03,0.03,0.02,0.02,0.13,0.85,1.88,2.74
09/06/2019,0.16,0.03,0.43,0.03,0.03,0.02,0.02,0.14,0.85,1.86,2.72
10/06/2019,0.16,0.03,0.47,0.04,0.03,0.02,0.02,0.15,0.92,1.79,2.71
11/06/2019,0.16,0.03,0.51,0.04,0.03,0.02,0.02,0.15,0.95,1.76,2.71
12/06/2019,0.16,0.03,0.51,0.04,0.03,0.02,0.02,0.15,0.96,1.78,2.73
13/06/2019,0.15,0.03,0.52,0.04,0.03,0.02,0.02,0.15,0.97,1.81,2.78
14/06/2019,0.16,0.03,0.52,0.04,0.03,0.02,0.02,0.15,0.98,1.85,2.83
15/06/2019,0.16,0.03,0.46,0.03,0.03,0.02,0.02,0.13,0.88,1.89,2.76
16/06/2019,0.16,0.03,0.44,0.03,0.03,0.02,0.02,0.14,0.87,1.90,2.76
17/06/2019,0.16,0.03,0.49,0.04,0.03,0.02,0.02,0.15,0.94,1.82,2.76
18/06/2019,0.16,0.03,0.50,0.04,0.03,0.02,0.02,0.15,0.94,1.80,2.74
19/06/2019,0.16,0.03,0.50,0.04,0.03,0.02,0.02,0.15,0.95,1.80,2.75
20/06/2019,0.15,0.03,0.51,0.04,0.03,0.02,0.02,0.16,0.96,1.84,2.80
21/06/2019,0.16,0.03,0.53,0.04,0.03,0.02,0.01,0.16,0.97,1.87,2.84
22/06/2019,0.16,0.03,0.46,0.03,0.03,0.02,0.01,0.13,0.87,1.90,2.78
23/06/2019,0.16,0.03,0.45,0.03,0.03,0.02,0.02,0.14,0.88,1.90,2.78
24/06/2019,0.16,0.03,0.49,0.04,0.03,0.02,0.02,0.15,0.94,1.83,2.76
25/06/2019,0.16,0.03,0.49,0.04,0.03,0.02,0.02,0.15,0.94,1.81,2.75
26/06/2019,0.16,0.03,0.50,0.04,0.03,0.02,0.02,0.15,0.95,1.82,2.76
27/06/2019,0.16,0.03,0.51,0.04,0.03,0.02,0.02,0.16,0.96,1.86,2.83
28/06/2019,0.16,0.03,0.50,0.04,0.03,0.02,0.02,0.16,0.96,1.89,2.85
29/06/2019,0.16,0.03,0.44,0.03,0.03,0.02,0.02,0.14,0.87,1.92,2.79
30/06/2019,0.16,0.03,0.43,0.03,0.03,0.02,0.02,0.14,0.86,1.92,2.78
01/07/2019,0.16,0.03,0.45,0.04,0.03,0.02,0.02,0.15,0.91,1.85,2.75
02/07/2019,0.16,0.03,0.45,0.04,0.03,0.02,0.02,0.16,0.90,1.83,2.74
03/07/2019,0.16,0.03,0.46,0.04,0.03,0.02,0.02,0.16,0.92,1.85,2.78
04/07/2019,0.17,0.03,0.39,0.04,0.03,0.02,0.02,0.16,0.86,1.87,2.74
05/07/2019,0.16,0.03,0.37,0.04,0.03,0.02,0.02,0.16,0.83,1.90,2.73
06/07/2019,0.16,0.03,0.41,0.03,0.03,0.02,0.02,0.14,0.84,1.93,2.77
07/07/2019,0.16,0.03,0.45,0.03,0.03,0.02,0.02,0.15,0.90,1.94,2.84
08/07/2019,0.16,0.03,0.49,0.04,0.03,0.02,0.02,0.16,0.95,1.89,2.84
09/07/2019,0.16,0.03,0.50,0.04,0.03,0.02,0.02,0.16,0.96,1.86,2.83
10/07/2019,0.16,0.03,0.50,0.04,0.03,0.02,0.02,0.16,0.96,1.87,2.84
11/07/2019,0.17,0.03,0.49,0.04,0.03,0.02,0.02,0.16,0.96,1.89,2.85
12/07/2019,0.17,0.03,0.51,0.04,0.03,0.02,0.02,0.16,0.98,1.90,2.88
13/07/2019,0.17,0.03,0.46,0.03,0.03,0.02,0.02,0.14,0.90,1.95,2.85
14/07/2019,0.17,0.03,0.45,0.03,0.03,0.02,0.02,0.15,0.90,1.94,2.84
15/07/2019,0.17,0.03,0.48,0.04,0.03,0.02,0.02,0.16,0.95,1.87,2.82
16/07/2019,0.17,0.03,0.50,0.04,0.04,0.02,0.02,0.16,0.97,1.86,2.83
17/07/2019,0.17,0.03,0.50,0.04,0.03,0.02,0.02,0.16,0.97,1.86,2.83
18/07/2019,0.17,0.03,0.50,0.04,0.03,0.02,0.02,0.16,0.97,1.89,2.86
19/07/2019,0.17,0.03,0.52,0.04,0.04,0.02,0.02,0.16,0.99,1.92,2.91
20/07/2019,0.17,0.03,0.46,0.03,0.03,0.02,0.02,0.14,0.90,1.95,2.86
21/07/2019,0.17,0.03,0.45,0.03,0.03,0.02,0.02,0.15,0.90,1.95,2.85
22/07/2019,0.17,0.03,0.48,0.04,0.03,0.02,0.02,0.16,0.95,1.88,2.82
23/07/2019,0.17,0.03,0.49,0.04,0.03,0.02,0.02,0.15,0.96,1.85,2.81
24/07/2019,0.17,0.03,0.51,0.04,0.03,0.02,0.02,0.16,0.98,1.87,2.85
25/07/2019,0.17,0.03,0.52,0.04,0.03,0.02,0.02,0.16,0.99,1.89,2.89
26/07/2019,0.17,0.03,0.51,0.04,0.03,0.02,0.02,0.16,0.99,1.92,2.90
27/07/2019,0.17,0.03,0.46,0.03,0.03,0.02,0.02,0.14,0.90,1.96,2.86
28/07/2019,0.17,0.03,0.45,0.03,0.03,0.02,0.02,0.15,0.91,1.97,2.87
29/07/2019,0.16,0.03,0.48,0.04,0.03,0.02,0.02,0.16,0.94,1.88,2.82
30/07/2019,0.17,0.03,0.49,0.03,0.03,0.02,0.02,0.15,0.95,1.86,2.81
31/07/2019,0.17,0.03,0.49,0.04,0.03,0.02,0.02,0.16,0.96,1.86,2.82
01/08/2019,0.17,0.03,0.50,0.04,0.03,0.02,0.02,0.16,0.96,1.90,2.86
02/08/2019,0.16,0.03,0.49,0.04,0.04,0.02,0.02,0.16,0.96,1.92,2.88
03/08/2019,0.17,0.03,0.45,0.03,0.03,0.02,0.02,0.14,0.89,1.97,2.86
04/08/2019,0.17,0.03,0.44,0.03,0.03,0.02,0.02,0.15,0.89,1.95,2.84
05/08/2019,0.17,0.03,0.47,0.03,0.03,0.02,0.02,0.15,0.93,1.85,2.77
06/08/2019,0.17,0.03,0.48,0.03,0.03,0.02,0.02,0.15,0.94,1.82,2.76
07/08/2019,0.17,0.03,0.47,0.03,0.03,0.02,0.02,0.16,0.94,1.84,2.78
08/08/2019,0.17,0.03,0.49,0.04,0.03,0.02,0.02,0.16,0.96,1.87,2.83
09/08/2019,0.15,0.03,0.50,0.04,0.04,0.02,0.02,0.16,0.95,1.88,2.83
10/08/2019,0.13,0.03,0.45,0.03,0.03,0.02,0.02,0.14,0.85,1.91,2.76
11/08/2019,0.16,0.03,0.44,0.03,0.03,0.02,0.02,0.14,0.87,1.93,2.79
12/08/2019,0.17,0.03,0.48,0.04,0.03,0.02,0.02,0.16,0.94,1.83,2.77
13/08/2019,0.17,0.03,0.47,0.03,0.04,0.02,0.02,0.16,0.94,1.81,2.75
14/08/2019,0.17,0.03,0.48,0.03,0.03,0.02,0.02,0.16,0.95,1.83,2.78
15/08/2019,0.17,0.03,0.49,0.03,0.03,0.01,0.02,0.16,0.95,1.85,2.81
16/08/2019,0.17,0.03,0.50,0.04,0.04,0.02,0.02,0.16,0.97,1.91,2.88
17/08/2019,0.17,0.03,0.44,0.03,0.03,0.02,0.02,0.14,0.88,1.94,2.81
18/08/2019,0.17,0.03,0.42,0.03,0.03,0.02,0.02,0.15,0.87,1.95,2.83
19/08/2019,0.17,0.03,0.46,0.04,0.04,0.02,0.02,0.16,0.93,1.87,2.80
20/08/2019,0.17,0.03,0.46,0.04,0.03,0.02,0.02,0.15,0.93,1.87,2.80
21/08/2019,0.17,0.03,0.47,0.04,0.03,0.02,0.02,0.16,0.94,1.84,2.78
22/08/2019,0.17,0.03,0.49,0.04,0.04,0.02,0.02,0.16,0.96,1.86,2.83
23/08/2019,0.17,0.03,0.48,0.04,0.04,0.02,0.02,0.16,0.96,1.89,2.85
24/08/2019,0.16,0.03,0.43,0.03,0.03,0.02,0.02,0.14,0.87,1.92,2.79
25/08/2019,0.16,0.03,0.42,0.03,0.03,0.02,0.02,0.15,0.86,1.92,2.78
26/08/2019,0.17,0.03,0.45,0.04,0.04,0.02,0.02,0.16,0.92,1.85,2.77
27/08/2019,0.16,0.03,0.46,0.04,0.04,0.02,0.02,0.15,0.92,1.82,2.74
28/08/2019,0.16,0.03,0.47,0.04,0.03,0.02,0.02,0.16,0.93,1.86,2.79
29/08/2019,0.16,0.03,0.49,0.04,0.03,0.02,0.02,0.16,0.95,1.86,2.81
30/08/2019,0.17,0.03,0.50,0.04,0.04,0.02,0.02,0.16,0.97,1.90,2.86
31/08/2019,0.17,0.03,0.43,0.03,0.03,0.02,0.02,0.14,0.87,1.91,2.78
01/09/2019,0.16,0.03,0.33,0.03,0.03,0.02,0.02,0.14,0.77,1.88,2.64
02/09/2019,0.16,0.03,0.40,0.04,0.04,0.02,0.02,0.15,0.86,1.83,2.69
03/09/2019,0.16,0.03,0.40,0.04,0.03,0.02,0.02,0.15,0.85,1.76,2.61
04/09/2019,0.16,0.03,0.43,0.04,0.03,0.02,0.02,0.15,0.88,1.78,2.66
05/09/2019,0.16,0.03,0.46,0.04,0.04,0.02,0.02,0.15,0.91,1.82,2.73
06/09/2019,0.16,0.03,0.46,0.04,0.04,0.02,0.02,0.15,0.91,1.83,2.74
07/09/2019,0.16,0.03,0.40,0.03,0.03,0.02,0.02,0.13,0.83,1.86,2.68
08/09/2019,0.16,0.03,0.40,0.03,0.03,0.02,0.02,0.14,0.83,1.87,2.70
09/09/2019,0.16,0.03,0.45,0.04,0.03,0.02,0.02,0.15,0.91,1.76,2.67
10/09/2019,0.16,0.03,0.46,0.04,0.03,0.02,0.02,0.15,0.91,1.72,2.63
11/09/2019,0.16,0.03,0.46,0.04,0.03,0.02,0.02,0.15,0.91,1.76,2.67
12/09/2019,0.16,0.03,0.48,0.04,0.03,0.02,0.02,0.15,0.94,1.80,2.74
13/09/2019,0.15,0.03,0.49,0.04,0.03,0.02,0.02,0.15,0.94,1.82,2.76
14/09/2019,0.15,0.03,0.41,0.03,0.03,0.02,0.02,0.13,0.83,1.86,2.68
15/09/2019,0.16,0.03,0.41,0.03,0.03,0.02,0.02,0.14,0.84,1.86,2.70
16/09/2019,0.16,0.03,0.46,0.04,0.03,0.02,0.02,0.15,0.92,1.77,2.69
17/09/2019,0.16,0.03,0.46,0.04,0.03,0.02,0.02,0.15,0.91,1.74,2.66
18/09/2019,0.16,0.03,0.46,0.04,0.03,0.02,0.02,0.15,0.92,1.74,2.65
19/09/2019,0.16,0.03,0.47,0.04,0.03,0.02,0.02,0.15,0.93,1.78,2.70
20/09/2019,0.16,0.03,0.48,0.04,0.03,0.02,0.02,0.15,0.94,1.79,2.73
21/09/2019,0.16,0.03,0.42,0.03,0.03,0.02,0.02,0.13,0.84,1.85,2.69
22/09/2019,0.16,0.03,0.42,0.03,0.03,0.02,0.02,0.14,0.84,1.84,2.69
23/09/2019,0.16,0.03,0.46,0.04,0.03,0.02,0.02,0.15,0.91,1.76,2.67
24/09/2019,0.16,0.03,0.46,0.04,0.03,0.02,0.02,0.15,0.91,1.71,2.62
25/09/2019,0.16,0.03,0.46,0.04,0.03,0.02,0.02,0.15,0.92,1.74,2.66
26/09/2019,0.16,0.03,0.48,0.04,0.03,0.02,0.02,0.15,0.94,1.77,2.70
27/09/2019,0.16,0.03,0.48,0.04,0.03,0.02,0.02,0.15,0.94,1.78,2.73
28/09/2019,0.16,0.03,0.41,0.03,0.03,0.02,0.02,0.14,0.84,1.83,2.67
29/09/2019,0.17,0.03,0.40,0.03,0.03,0.02,0.02,0.14,0.84,1.83,2.67
30/09/2019,0.17,0.03,0.46,0.04,0.03,0.02,0.02,0.15,0.91,1.74,2.65
01/10/2019,0.15,0.03,0.46,0.03,0.03,0.02,0.02,0.15,0.89,1.68,2.57
02/10/2019,0.17,0.03,0.45,0.04,0.03,0.02,0.02,0.15,0.91,1.71,2.62
03/10/2019,0.16,0.03,0.48,0.04,0.03,0.02,0.02,0.15,0.93,1.74,2.67
04/10/2019,0.16,0.03,0.49,0.04,0.03,0.02,0.02,0.15,0.95,1.75,2.69
05/10/2019,0.17,0.03,0.42,0.03,0.03,0.02,0.02,0.13,0.85,1.79,2.63
06/10/2019,0.17,0.03,0.42,0.03,0.03,0.02,0.02,0.14,0.85,1.78,2.63
07/10/2019,0.17,0.03,0.46,0.04,0.03,0.02,0.02,0.15,0.91,1.70,2.62
08/10/2019,0.17,0.03,0.46,0.03,0.03,0.02,0.02,0.15,0.91,1.65,2.56
09/10/2019,0.17,0.03,0.45,0.03,0.03,0.02,0.02,0.15,0.91,1.66,2.56
10/10/2019,0.16,0.03,0.47,0.04,0.03,0.02,0.02,0.15,0.92,1.71,2.63
11/10/2019,0.16,0.03,0.48,0.04,0.03,0.02,0.02,0.15,0.94,1.75,2.68
12/10/2019,0.16,0.03,0.42,0.03,0.03,0.00,0.02,0.13,0.83,1.72,2.55
13/10/2019,0.16,0.03,0.41,0.03,0.03,0.01,0.02,0.14,0.83,1.77,2.60
14/10/2019,0.16,0.03,0.47,0.04,0.03,0.02,0.02,0.15,0.92,1.71,2.63
15/10/2019,0.16,0.03,0.46,0.03,0.03,0.02,0.02,0.15,0.91,1.68,2.58
16/10/2019,0.16,0.03,0.46,0.03,0.03,0.02,0.02,0.15,0.91,1.68,2.59
17/10/2019,0.16,0.03,0.48,0.04,0.03,0.02,0.02,0.15,0.93,1.71,2.64
18/10/2019,0.16,0.03,0.49,0.04,0.03,0.02,0.02,0.15,0.95,1.75,2.70
19/10/2019,0.17,0.03,0.42,0.03,0.03,0.02,0.02,0.13,0.85,1.79,2.64
20/10/2019,0.16,0.03,0.41,0.03,0.03,0.02,0.02,0.14,0.84,1.78,2.62
21/10/2019,0.16,0.03,0.46,0.04,0.03,0.02,0.02,0.15,0.91,1.70,2.61
22/10/2019,0.16,0.03,0.47,0.03,0.03,0.02,0.02,0.15,0.91,1.66,2.57
23/10/2019,0.16,0.03,0.47,0.04,0.03,0.02,0.02,0.15,0.92,1.67,2.60
24/10/2019,0.16,0.03,0.48,0.04,0.03,0.02,0.02,0.16,0.94,1.71,2.65
25/10/2019,0.16,0.03,0.48,0.04,0.03,0.02,0.02,0.15,0.94,1.75,2.69
26/10/2019,0.16,0.03,0.42,0.03,0.03,0.02,0.02,0.13,0.84,1.80,2.64
27/10/2019,0.16,0.03,0.40,0.03,0.03,0.02,0.02,0.14,0.83,1.72,2.54
28/10/2019,0.16,0.03,0.44,0.03,0.03,0.02,0.02,0.15,0.89,1.62,2.51
29/10/2019,0.16,0.03,0.43,0.03,0.03,0.02,0.02,0.15,0.88,1.57,2.45
30/10/2019,0.16,0.03,0.43,0.03,0.03,0.02,0.02,0.15,0.88,1.58,2.45
31/10/2019,0.16,0.03,0.42,0.03,0.03,0.02,0.02,0.15,0.87,1.61,2.48
01/11/2019,0.16,0.03,0.43,0.03,0.03,0.02,0.02,0.15,0.88,1.64,2.52
02/11/2019,0.16,0.03,0.40,0.02,0.03,0.02,0.02,0.13,0.81,1.68,2.49
03/11/2019,0.16,0.03,0.37,0.03,0.03,0.02,0.02,0.14,0.80,1.69,2.49
04/11/2019,0.16,0.03,0.45,0.03,0.03,0.02,0.02,0.15,0.90,1.62,2.52
05/11/2019,0.16,0.03,0.45,0.03,0.03,0.02,0.02,0.15,0.89,1.54,2.43
06/11/2019,0.16,0.03,0.45,0.03,0.03,0.02,0.02,0.15,0.90,1.53,2.43
07/11/2019,0.16,0.03,0.47,0.03,0.03,0.02,0.02,0.15,0.92,1.55,2.47
08/11/2019,0.16,0.03,0.49,0.03,0.03,0.02,0.02,0.15,0.94,1.60,2.54
09/11/2019,0.16,0.03,0.42,0.02,0.03,0.02,0.02,0.13,0.84,1.62,2.46
10/11/2019,0.16,0.03,0.40,0.03,0.03,0.02,0.02,0.14,0.82,1.65,2.47
11/11/2019,0.16,0.03,0.43,0.03,0.03,0.02,0.02,0.15,0.88,1.59,2.47
12/11/2019,0.16,0.03,0.45,0.03,0.03,0.02,0.02,0.15,0.89,1.49,2.38
13/11/2019,0.16,0.03,0.46,0.03,0.03,0.02,0.02,0.15,0.91,1.51,2.42
14/11/2019,0.16,0.03,0.47,0.03,0.03,0.02,0.02,0.15,0.92,1.56,2.48
15/11/2019,0.16,0.03,0.49,0.03,0.03,0.02,0.02,0.15,0.94,1.63,2.57
16/11/2019,0.16,0.03,0.42,0.02,0.03,0.02,0.02,0.13,0.83,1.63,2.46
17/11/2019,0.16,0.03,0.39,0.03,0.03,0.02,0.02,0.14,0.81,1.65,2.46
18/11/2019,0.16,0.03,0.45,0.03,0.03,0.02,0.02,0.15,0.89,1.58,2.47
19/11/2019,0.16,0.03,0.47,0.03,0.03,0.02,0.02,0.15,0.91,1.49,2.40
20/11/2019,0.16,0.03,0.47,0.03,0.03,0.02,0.02,0.15,0.91,1.52,2.43
21/11/2019,0.16,0.03,0.48,0.03,0.03,0.02,0.02,0.15,0.93,1.56,2.49
22/11/2019,0.16,0.03,0.50,0.04,0.03,0.02,0.02,0.15,0.95,1.62,2.57
23/11/2019,0.16,0.03,0.46,0.02,0.03,0.02,0.02,0.13,0.87,1.63,2.50
24/11/2019,0.16,0.03,0.42,0.03,0.03,0.02,0.02,0.14,0.85,1.65,2.50
25/11/2019,0.16,0.03,0.44,0.03,0.03,0.02,0.02,0.15,0.89,1.56,2.45
26/11/2019,0.16,0.03,0.46,0.03,0.03,0.02,0.02,0.15,0.90,1.48,2.38
27/11/2019,0.16,0.03,0.49,0.03,0.03,0.02,0.02,0.15,0.94,1.52,2.46
28/11/2019,0.16,0.03,0.39,0.03,0.03,0.02,0.02,0.15,0.84,1.54,2.38
29/11/2019,0.16,0.03,0.28,0.04,0.03,0.02,0.03,0.15,0.74,1.57,2.31
30/11/2019,0.16,0.03,0.41,0.02,0.03,0.02,0.02,0.13,0.82,1.62,2.44
01/12/2019,0.16,0.03,0.49,0.03,0.03,0.02,0.02,0.14,0.92,1.68,2.60
02/12/2019,0.16,0.03,0.50,0.03,0.03,0.02,0.02,0.15,0.95,1.61,2.56
03/12/2019,0.16,0.03,0.48,0.03,0.03,0.02,0.02,0.15,0.92,1.51,2.44
04/12/2019,0.16,0.03,0.48,0.03,0.03,0.02,0.02,0.15,0.93,1.56,2.48
05/12/2019,0.16,0.03,0.49,0.03,0.03,0.02,0.02,0.15,0.94,1.58,2.52
06/12/2019,0.16,0.03,0.49,0.03,0.03,0.02,0.03,0.15,0.95,1.64,2.58
07/12/2019,0.16,0.03,0.42,0.02,0.03,0.02,0.02,0.13,0.83,1.64,2.48
08/12/2019,0.16,0.03,0.39,0.03,0.03,0.02,0.02,0.14,0.82,1.67,2.49
09/12/2019,0.15,0.03,0.45,0.03,0.03,0.02,0.02,0.15,0.89,1.61,2.50
10/12/2019,0.15,0.03,0.47,0.03,0.03,0.02,0.02,0.15,0.89,1.53,2.42
11/12/2019,0.15,0.03,0.47,0.03,0.03,0.02,0.02,0.15,0.91,1.57,2.48
12/12/2019,0.15,0.03,0.49,0.03,0.03,0.02,0.02,0.16,0.94,1.60,2.54
13/12/2019,0.16,0.03,0.49,0.03,0.03,0.02,0.03,0.15,0.94,1.67,2.61
14/12/2019,0.16,0.03,0.42,0.02,0.03,0.02,0.02,0.13,0.83,1.68,2.51
15/12/2019,0.16,0.03,0.39,0.03,0.03,0.02,0.02,0.14,0.82,1.70,2.52
16/12/2019,0.15,0.03,0.45,0.03,0.03,0.02,0.03,0.15,0.89,1.65,2.53
17/12/2019,0.16,0.03,0.46,0.03,0.03,0.02,0.03,0.15,0.90,1.58,2.49
18/12/2019,0.16,0.03,0.48,0.03,0.03,0.02,0.03,0.16,0.93,1.63,2.56
19/12/2019,0.16,0.03,0.51,0.04,0.03,0.02,0.03,0.16,0.97,1.69,2.66
20/12/2019,0.16,0.03,0.52,0.04,0.03,0.02,0.03,0.16,0.99,1.76,2.75
21/12/2019,0.16,0.03,0.50,0.03,0.03,0.02,0.03,0.14,0.94,1.80,2.75
22/12/2019,0.16,0.03,0.47,0.03,0.03,0.02,0.03,0.15,0.91,1.79,2.70
23/12/2019,0.16,0.03,0.47,0.03,0.03,0.02,0.03,0.15,0.93,1.69,2.62
24/12/2019,0.16,0.03,0.45,0.02,0.03,0.02,0.03,0.15,0.88,1.55,2.43
25/12/2019,0.16,0.03,0.33,0.01,0.03,0.02,0.02,0.13,0.73,1.40,2.14
26/12/2019,0.16,0.03,0.45,0.03,0.03,0.02,0.03,0.15,0.89,1.62,2.51
27/12/2019,0.16,0.03,0.51,0.03,0.03,0.02,0.03,0.15,0.97,1.73,2.69
28/12/2019,0.16,0.03,0.47,0.03,0.03,0.02,0.03,0.14,0.91,1.77,2.68
29/12/2019,0.15,0.03,0.45,0.03,0.03,0.02,0.02,0.14,0.89,1.76,2.64
30/12/2019,0.16,0.03,0.45,0.03,0.03,0.02,0.03,0.15,0.90,1.67,2.56
31/12/2019,0.16,0.03,0.45,0.02,0.02,0.02,0.03,0.14,0.87,1.54,2.41
01/01/2020,0.16,0.03,0.37,0.02,0.02,0.02,0.02,0.13,0.78,1.53,2.30
02/01/2020,0.16,0.03,0.45,0.03,0.03,0.02,0.03,0.15,0.90,1.68,2.59
03/01/2020,0.16,0.03,0.48,0.03,0.03,0.02,0.03,0.15,0.94,1.74,2.68
04/01/2020,0.17,0.03,0.45,0.03,0.03,0.02,0.03,0.14,0.89,1.82,2.71
05/01/2020,0.16,0.03,0.46,0.03,0.03,0.02,0.02,0.14,0.90,1.82,2.72
06/01/2020,0.16,0.03,0.47,0.03,0.03,0.02,0.03,0.15,0.92,1.69,2.61
07/01/2020,0.16,0.03,0.44,0.03,0.03,0.02,0.03,0.15,0.90,1.60,2.49
08/01/2020,0.15,0.03,0.37,0.02,0.03,0.02,0.02,0.12,0.75,1.53,2.28
09/01/2020,0.15,0.03,0.44,0.03,0.03,0.02,0.03,0.14,0.86,1.60,2.46
10/01/2020,0.17,0.03,0.46,0.03,0.03,0.02,0.03,0.15,0.92,1.68,2.60
11/01/2020,0.18,0.03,0.38,0.02,0.03,0.02,0.03,0.13,0.81,1.70,2.52
12/01/2020,0.17,0.03,0.38,0.03,0.03,0.02,0.02,0.13,0.82,1.71,2.53
13/01/2020,0.18,0.03,0.44,0.03,0.03,0.02,0.03,0.15,0.90,1.62,2.51
14/01/2020,0.18,0.03,0.44,0.03,0.03,0.02,0.03,0.15,0.90,1.51,2.41
15/01/2020,0.18,0.03,0.44,0.03,0.03,0.02,0.03,0.15,0.90,1.55,2.45
16/01/2020,0.18,0.03,0.46,0.03,0.03,0.02,0.03,0.15,0.92,1.60,2.52
17/01/2020,0.17,0.03,0.47,0.03,0.03,0.02,0.03,0.15,0.94,1.67,2.61
18/01/2020,0.18,0.03,0.38,0.02,0.03,0.02,0.03,0.13,0.82,1.70,2.52
19/01/2020,0.18,0.03,0.36,0.03,0.03,0.02,0.02,0.14,0.80,1.69,2.49
20/01/2020,0.18,0.03,0.43,0.03,0.03,0.02,0.03,0.15,0.90,1.64,2.54
21/01/2020,0.18,0.03,0.45,0.03,0.03,0.02,0.03,0.15,0.92,1.54,2.46
22/01/2020,0.18,0.03,0.43,0.03,0.03,0.02,0.03,0.15,0.90,1.55,2.44
23/01/2020,0.17,0.03,0.46,0.03,0.03,0.02,0.03,0.15,0.92,1.59,2.51
24/01/2020,0.15,0.03,0.47,0.03,0.03,0.02,0.03,0.15,0.91,1.66,2.57
25/01/2020,0.15,0.03,0.40,0.02,0.03,0.02,0.03,0.13,0.80,1.66,2.46
26/01/2020,0.15,0.03,0.38,0.03,0.03,0.02,0.02,0.14,0.80,1.67,2.47
27/01/2020,0.15,0.03,0.44,0.03,0.03,0.02,0.03,0.15,0.88,1.59,2.47
28/01/2020,0.13,0.03,0.44,0.03,0.03,0.02,0.03,0.15,0.86,1.48,2.34
29/01/2020,0.11,0.03,0.44,0.03,0.03,0.02,0.03,0.15,0.84,1.51,2.35
30/01/2020,0.10,0.03,0.47,0.03,0.03,0.02,0.03,0.15,0.86,1.55,2.41
31/01/2020,0.09,0.03,0.48,0.03,0.03,0.02,0.03,0.16,0.86,1.62,2.48
01/02/2020,0.08,0.03,0.41,0.02,0.03,0.02,0.03,0.13,0.74,1.62,2.36
02/02/2020,0.08,0.03,0.37,0.03,0.03,0.02,0.02,0.14,0.72,1.60,2.32
03/02/2020,0.06,0.03,0.44,0.03,0.03,0.02,0.03,0.15,0.79,1.51,2.30
04/02/2020,0.05,0.03,0.45,0.03,0.03,0.02,0.03,0.15,0.78,1.41,2.19
05/02/2020,0.05,0.03,0.43,0.03,0.03,0.02,0.03,0.15,0.76,1.42,2.18
06/02/2020,0.04,0.03,0.44,0.03,0.03,0.02,0.03,0.15,0.77,1.46,2.23
07/02/2020,0.05,0.03,0.46,0.03,0.03,0.02,0.03,0.15,0.80,1.52,2.32
08/02/2020,0.05,0.03,0.42,0.02,0.03,0.02,0.02,0.13,0.73,1.57,2.29
09/02/2020,0.07,0.03,0.37,0.02,0.03,0.02,0.02,0.14,0.71,1.49,2.20
10/02/2020,0.04,0.03,0.44,0.03,0.03,0.02,0.02,0.15,0.77,1.44,2.21
11/02/2020,0.03,0.03,0.44,0.03,0.03,0.02,0.02,0.15,0.75,1.37,2.12
12/02/2020,0.03,0.03,0.44,0.03,0.03,0.02,0.03,0.15,0.75,1.39,2.15
13/02/2020,0.03,0.03,0.46,0.03,0.03,0.02,0.03,0.15,0.77,1.44,2.21
14/02/2020,0.03,0.03,0.52,0.03,0.03,0.02,0.03,0.15,0.84,1.52,2.36
15/02/2020,0.03,0.03,0.44,0.02,0.03,0.02,0.02,0.13,0.72,1.55,2.27
16/02/2020,0.04,0.03,0.38,0.03,0.03,0.02,0.02,0.14,0.68,1.54,2.22
17/02/2020,0.03,0.03,0.45,0.03,0.03,0.02,0.03,0.15,0.76,1.46,2.22
18/02/2020,0.03,0.03,0.47,0.03,0.03,0.02,0.03,0.15,0.78,1.38,2.16
19/02/2020,0.03,0.03,0.47,0.03,0.03,0.02,0.03,0.15,0.79,1.39,2.17
20/02/2020,0.03,0.03,0.47,0.03,0.03,0.02,0.03,0.15,0.79,1.43,2.23
21/02/2020,0.04,0.03,0.48,0.03,0.03,0.02,0.03,0.15,0.82,1.51,2.32
22/02/2020,0.04,0.03,0.43,0.02,0.03,0.02,0.03,0.13,0.73,1.54,2.27
23/02/2020,0.05,0.03,0.41,0.03,0.03,0.02,0.02,0.14,0.72,1.53,2.24
24/02/2020,0.05,0.03,0.46,0.03,0.03,0.02,0.02,0.15,0.78,1.46,2.23
25/02/2020,0.05,0.03,0.46,0.03,0.03,0.02,0.02,0.15,0.78,1.38,2.15
26/02/2020,0.05,0.03,0.46,0.03,0.03,0.02,0.03,0.15,0.79,1.39,2.18
27/02/2020,0.05,0.03,0.48,0.03,0.03,0.02,0.02,0.15,0.82,1.42,2.23
28/02/2020,0.06,0.03,0.49,0.03,0.03,0.02,0.02,0.15,0.84,1.48,2.33
29/02/2020,0.06,0.03,0.43,0.02,0.03,0.02,0.02,0.13,0.74,1.53,2.27
01/03/2020,0.09,0.03,0.41,0.03,0.03,0.02,0.02,0.14,0.76,1.52,2.28
02/03/2020,0.08,0.03,0.45,0.03,0.03,0.02,0.02,0.15,0.81,1.43,2.24
03/03/2020,0.06,0.03,0.46,0.03,0.03,0.02,0.02,0.14,0.80,1.33,2.13
04/03/2020,0.06,0.03,0.46,0.03,0.03,0.02,0.02,0.14,0.80,1.34,2.14
05/03/2020,0.06,0.03,0.48,0.03,0.03,0.02,0.02,0.15,0.83,1.37,2.20
06/03/2020,0.07,0.03,0.49,0.03,0.03,0.02,0.03,0.15,0.84,1.43,2.27
07/03/2020,0.06,0.03,0.44,0.02,0.03,0.02,0.02,0.13,0.75,1.46,2.21
08/03/2020,0.06,0.03,0.45,0.03,0.03,0.02,0.02,0.13,0.77,1.46,2.23
09/03/2020,0.06,0.03,0.46,0.03,0.03,0.02,0.03,0.15,0.80,1.33,2.13
10/03/2020,0.06,0.03,0.47,0.03,0.03,0.02,0.03,0.14,0.80,1.24,2.04
11/03/2020,0.06,0.03,0.47,0.03,0.03,0.02,0.02,0.15,0.81,1.24,2.05
12/03/2020,0.06,0.03,0.50,0.03,0.03,0.02,0.03,0.15,0.83,1.26,2.09
13/03/2020,0.06,0.03,0.50,0.03,0.03,0.02,0.03,0.15,0.84,1.33,2.17
14/03/2020,0.06,0.03,0.46,0.02,0.03,0.02,0.02,0.12,0.76,1.34,2.10
15/03/2020,0.08,0.03,0.44,0.02,0.03,0.02,0.02,0.13,0.77,1.30,2.07
16/03/2020,0.07,0.03,0.45,0.02,0.03,0.02,0.02,0.13,0.78,1.16,1.94
17/03/2020,0.07,0.03,0.46,0.02,0.03,0.02,0.02,0.13,0.77,1.01,1.78
18/03/2020,0.07,0.03,0.43,0.01,0.03,0.02,0.02,0.12,0.73,0.96,1.69
19/03/2020,0.06,0.03,0.41,0.01,0.03,0.02,0.02,0.12,0.69,0.91,1.60
20/03/2020,0.07,0.03,0.39,0.01,0.03,0.02,0.02,0.11,0.67,0.88,1.56
21/03/2020,0.07,0.03,0.36,0.01,0.03,0.02,0.02,0.08,0.60,0.82,1.42
22/03/2020,0.07,0.02,0.31,0.01,0.03,0.02,0.01,0.08,0.55,0.70,1.25
23/03/2020,0.07,0.02,0.29,0.01,0.03,0.02,0.01,0.08,0.52,0.55,1.07
24/03/2020,0.06,0.02,0.30,0.01,0.03,0.02,0.01,0.07,0.51,0.47,0.98
25/03/2020,0.07,0.00,0.28,0.01,0.03,0.02,0.01,0.07,0.47,0.43,0.90
26/03/2020,0.07,0.00,0.27,0.01,0.03,0.02,0.01,0.06,0.45,0.40,0.85
27/03/2020,0.07,0.00,0.25,0.01,0.03,0.02,0.01,0.06,0.43,0.38,0.81
28/03/2020,0.07,0.00,0.22,0.00,0.03,0.02,0.00,0.04,0.39,0.36,0.75
29/03/2020,0.07,0.00,0.22,0.00,0.03,0.02,0.00,0.04,0.38,0.31,0.69
30/03/2020,0.06,0.00,0.21,0.00,0.02,0.02,0.00,0.04,0.36,0.27,0.63
31/03/2020,0.07,0.00,0.22,0.00,0.02,0.02,0.00,0.04,0.38,0.27,0.65
01/04/2020,0.07,0.00,0.22,0.00,0.02,0.02,0.00,0.04,0.37,0.28,0.64
02/04/2020,0.07,0.00,0.20,0.00,0.01,0.02,0.00,0.04,0.34,0.27,0.61
03/04/2020,0.07,0.00,0.19,0.00,0.01,0.02,0.00,0.04,0.34,0.28,0.62
04/04/2020,0.05,0.00,0.18,0.00,0.01,0.02,0.00,0.03,0.29,0.26,0.55
05/04/2020,0.06,0.00,0.17,0.00,0.01,0.02,0.00,0.03,0.28,0.26,0.54
06/04/2020,0.07,0.00,0.17,0.00,0.01,0.01,0.00,0.03,0.31,0.24,0.54
07/04/2020,0.07,0.00,0.18,0.00,0.01,0.01,0.00,0.03,0.31,0.25,0.56
08/04/2020,0.07,0.00,0.18,0.00,0.01,0.01,0.00,0.03,0.31,0.27,0.58
09/04/2020,0.07,0.00,0.17,0.00,0.01,0.01,0.00,0.03,0.30,0.27,0.57
10/04/2020,0.08,0.00,0.17,0.00,0.01,0.01,0.00,0.02,0.30,0.27,0.58
11/04/2020,0.07,0.00,0.15,0.00,0.01,0.01,0.00,0.02,0.26,0.26,0.53
12/04/2020,0.08,0.00,0.12,0.00,0.01,0.01,0.00,0.02,0.25,0.25,0.50
13/04/2020,0.07,0.00,0.14,0.00,0.01,0.01,0.00,0.03,0.26,0.23,0.49
14/04/2020,0.07,0.00,0.16,0.00,0.01,0.01,0.00,0.03,0.28,0.24,0.52
15/04/2020,0.08,0.00,0.15,0.00,0.01,0.01,0.00,0.03,0.28,0.27,0.55
16/04/2020,0.07,0.00,0.14,0.00,0.01,0.01,0.00,0.02,0.26,0.26,0.52
17/04/2020,0.08,0.00,0.14,0.00,0.01,0.01,0.00,0.02,0.26,0.25,0.51
18/04/2020,0.07,0.00,0.12,0.00,0.01,0.01,0.00,0.02,0.23,0.24,0.48
19/04/2020,0.08,0.00,0.11,0.00,0.01,0.01,0.00,0.02,0.23,0.23,0.46
20/04/2020,0.08,0.00,0.12,0.00,0.01,0.01,0.00,0.03,0.24,0.25,0.49
21/04/2020,0.07,0.00,0.14,0.00,0.01,0.01,0.00,0.03,0.26,0.27,0.53
22/04/2020,0.08,0.00,0.14,0.00,0.01,0.01,0.00,0.03,0.27,0.30,0.57
23/04/2020,0.07,0.00,0.15,0.00,0.01,0.01,0.00,0.03,0.27,0.33,0.60
24/04/2020,0.08,0.00,0.15,0.00,0.01,0.01,0.00,0.03,0.27,0.33,0.60
25/04/2020,0.08,0.00,0.13,0.00,0.01,0.01,0.00,0.02,0.24,0.31,0.56
26/04/2020,0.08,0.00,0.12,0.00,0.01,0.01,0.00,0.02,0.24,0.31,0.55
27/04/2020,0.08,0.00,0.13,0.00,0.01,0.01,0.00,0.03,0.25,0.30,0.55
28/04/2020,0.08,0.00,0.14,0.00,0.01,0.01,0.00,0.03,0.27,0.31,0.59
29/04/2020,0.09,0.00,0.15,0.00,0.01,0.01,0.00,0.03,0.29,0.35,0.64
30/04/2020,0.10,0.00,0.16,0.00,0.01,0.01,0.00,0.03,0.31,0.36,0.67
01/05/2020,0.09,0.00,0.17,0.00,0.01,0.01,0.00,0.03,0.31,0.35,0.67
02/05/2020,0.07,0.00,0.14,0.00,0.01,0.00,0.00,0.02,0.26,0.33,0.58
03/05/2020,0.08,0.00,0.14,0.00,0.01,0.00,0.00,0.02,0.26,0.31,0.57
04/05/2020,0.09,0.00,0.14,0.00,0.01,0.00,0.00,0.03,0.27,0.31,0.58
05/05/2020,0.11,0.00,0.15,0.00,0.01,0.00,0.00,0.03,0.32,0.32,0.63
06/05/2020,0.10,0.00,0.16,0.00,0.01,0.01,0.00,0.03,0.31,0.34,0.65
07/05/2020,0.09,0.00,0.17,0.00,0.01,0.00,0.00,0.03,0.32,0.36,0.67
08/05/2020,0.10,0.00,0.17,0.00,0.01,0.00,0.00,0.03,0.33,0.36,0.68
09/05/2020,0.10,0.00,0.15,0.00,0.01,0.00,0.00,0.02,0.29,0.36,0.64
10/05/2020,0.11,0.00,0.13,0.00,0.01,0.00,0.00,0.02,0.28,0.35,0.63
11/05/2020,0.10,0.00,0.14,0.00,0.01,0.00,0.00,0.03,0.30,0.34,0.64
12/05/2020,0.10,0.00,0.15,0.00,0.01,0.00,0.00,0.03,0.31,0.35,0.66
13/05/2020,0.10,0.00,0.16,0.00,0.01,0.00,0.00,0.03,0.32,0.37,0.69
14/05/2020,0.09,0.00,0.18,0.00,0.01,0.00,0.00,0.03,0.33,0.40,0.72
15/05/2020,0.10,0.00,0.18,0.00,0.01,0.00,0.00,0.03,0.34,0.39,0.73
16/05/2020,0.10,0.00,0.15,0.00,0.01,0.00,0.00,0.02,0.30,0.38,0.68
17/05/2020,0.11,0.00,0.15,0.00,0.01,0.00,0.00,0.03,0.31,0.37,0.68
18/05/2020,0.10,0.00,0.15,0.00,0.01,0.00,0.00,0.03,0.31,0.34,0.65
19/05/2020,0.10,0.00,0.16,0.00,0.01,0.00,0.00,0.03,0.32,0.37,0.68
20/05/2020,0.11,0.00,0.18,0.01,0.01,0.00,0.00,0.04,0.35,0.39,0.73
21/05/2020,0.10,0.00,0.20,0.01,0.01,0.00,0.00,0.04,0.36,0.40,0.76
22/05/2020,0.11,0.00,0.20,0.00,0.01,0.00,0.00,0.04,0.37,0.40,0.77
23/05/2020,0.10,0.00,0.16,0.00,0.01,0.00,0.00,0.02,0.31,0.38,0.69
24/05/2020,0.11,0.00,0.14,0.00,0.01,0.00,0.00,0.03,0.31,0.37,0.68
25/05/2020,0.11,0.01,0.15,0.01,0.01,0.00,0.00,0.03,0.32,0.34,0.66
26/05/2020,0.10,0.01,0.16,0.01,0.01,0.00,0.00,0.04,0.33,0.35,0.68
27/05/2020,0.11,0.01,0.18,0.01,0.01,0.00,0.00,0.04,0.36,0.38,0.74
28/05/2020,0.11,0.01,0.19,0.01,0.01,0.00,0.00,0.04,0.37,0.38,0.75
29/05/2020,0.12,0.01,0.20,0.01,0.01,0.00,0.00,0.04,0.39,0.38,0.77
30/05/2020,0.11,0.01,0.17,0.00,0.01,0.00,0.00,0.03,0.34,0.36,0.70
31/05/2020,0.12,0.01,0.16,0.00,0.01,0.00,0.00,0.03,0.34,0.35,0.69
01/06/2020,0.11,0.01,0.18,0.01,0.02,0.01,0.00,0.04,0.38,0.33,0.71
02/06/2020,0.11,0.01,0.19,0.01,0.02,0.01,0.00,0.05,0.39,0.35,0.74
03/06/2020,0.11,0.01,0.19,0.01,0.02,0.01,0.00,0.05,0.40,0.37,0.77
04/06/2020,0.11,0.01,0.21,0.01,0.02,0.01,0.00,0.05,0.41,0.39,0.80
05/06/2020,0.12,0.01,0.22,0.01,0.02,0.01,0.01,0.05,0.43,0.40,0.83
06/06/2020,0.11,0.01,0.19,0.00,0.02,0.01,0.00,0.04,0.38,0.38,0.76
07/06/2020,0.12,0.01,0.19,0.00,0.02,0.01,0.00,0.04,0.39,0.38,0.77
08/06/2020,0.12,0.01,0.20,0.01,0.02,0.01,0.00,0.05,0.41,0.35,0.76
09/06/2020,0.12,0.01,0.21,0.01,0.02,0.01,0.00,0.05,0.42,0.35,0.77
10/06/2020,0.12,0.01,0.22,0.01,0.02,0.01,0.00,0.05,0.44,0.38,0.81
11/06/2020,0.12,0.01,0.24,0.01,0.02,0.01,0.00,0.05,0.45,0.40,0.86
12/06/2020,0.13,0.01,0.24,0.01,0.02,0.01,0.00,0.05,0.48,0.40,0.88
13/06/2020,0.12,0.01,0.21,0.01,0.02,0.01,0.00,0.04,0.42,0.38,0.80
14/06/2020,0.13,0.01,0.21,0.01,0.02,0.01,0.00,0.04,0.43,0.39,0.82
15/06/2020,0.12,0.01,0.22,0.01,0.02,0.01,0.01,0.05,0.45,0.38,0.83
16/06/2020,0.12,0.01,0.23,0.01,0.02,0.01,0.01,0.06,0.45,0.38,0.83
17/06/2020,0.12,0.01,0.23,0.01,0.02,0.01,0.01,0.06,0.46,0.40,0.86
18/06/2020,0.11,0.01,0.25,0.01,0.02,0.01,0.01,0.06,0.47,0.42,0.89
19/06/2020,0.12,0.01,0.25,0.01,0.02,0.01,0.01,0.06,0.49,0.44,0.93
20/06/2020,0.11,0.01,0.22,0.01,0.02,0.01,0.00,0.05,0.43,0.42,0.85
21/06/2020,0.12,0.01,0.22,0.01,0.02,0.01,0.00,0.05,0.44,0.41,0.85
22/06/2020,0.11,0.01,0.23,0.01,0.02,0.01,0.01,0.06,0.46,0.39,0.85
23/06/2020,0.11,0.01,0.24,0.01,0.02,0.01,0.01,0.06,0.46,0.39,0.85
24/06/2020,0.12,0.01,0.24,0.01,0.02,0.01,0.01,0.06,0.49,0.42,0.91
25/06/2020,0.10,0.01,0.26,0.01,0.02,0.01,0.01,0.06,0.49,0.44,0.93
26/06/2020,0.10,0.01,0.27,0.01,0.03,0.01,0.01,0.06,0.50,0.45,0.95
27/06/2020,0.12,0.01,0.24,0.01,0.03,0.01,0.00,0.05,0.46,0.43,0.89
28/06/2020,0.12,0.01,0.23,0.01,0.03,0.01,0.00,0.05,0.46,0.42,0.88
29/06/2020,0.12,0.01,0.23,0.01,0.03,0.01,0.01,0.06,0.47,0.39,0.87
30/06/2020,0.13,0.01,0.24,0.01,0.03,0.01,0.01,0.06,0.49,0.41,0.90
01/07/2020,0.13,0.01,0.26,0.02,0.03,0.01,0.01,0.07,0.53,0.49,1.02
02/07/2020,0.12,0.01,0.29,0.02,0.03,0.01,0.01,0.07,0.56,0.51,1.07
03/07/2020,0.13,0.01,0.28,0.02,0.03,0.01,0.01,0.07,0.57,0.54,1.11
04/07/2020,0.13,0.01,0.20,0.02,0.03,0.01,0.00,0.06,0.46,0.54,0.99
05/07/2020,0.14,0.01,0.24,0.02,0.03,0.01,0.00,0.06,0.51,0.53,1.04
06/07/2020,0.13,0.01,0.27,0.02,0.03,0.01,0.01,0.07,0.55,0.48,1.04
07/07/2020,0.13,0.01,0.28,0.02,0.03,0.01,0.01,0.07,0.55,0.48,1.03
08/07/2020,0.14,0.01,0.29,0.02,0.03,0.01,0.01,0.07,0.57,0.51,1.08
09/07/2020,0.14,0.01,0.31,0.02,0.03,0.01,0.01,0.07,0.60,0.53,1.12
10/07/2020,0.15,0.01,0.31,0.02,0.03,0.01,0.01,0.08,0.62,0.56,1.18
11/07/2020,0.14,0.01,0.29,0.02,0.03,0.01,0.00,0.06,0.56,0.56,1.13
12/07/2020,0.15,0.01,0.29,0.02,0.03,0.01,0.00,0.07,0.57,0.54,1.12
13/07/2020,0.14,0.01,0.29,0.02,0.03,0.01,0.01,0.08,0.58,0.50,1.08
14/07/2020,0.14,0.01,0.28,0.02,0.03,0.01,0.01,0.07,0.57,0.49,1.07
15/07/2020,0.16,0.01,0.30,0.02,0.03,0.01,0.01,0.08,0.61,0.55,1.16
16/07/2020,0.16,0.01,0.31,0.02,0.03,0.01,0.01,0.08,0.63,0.58,1.20
17/07/2020,0.15,0.01,0.32,0.02,0.03,0.01,0.01,0.08,0.64,0.60,1.24
18/07/2020,0.15,0.01,0.29,0.02,0.03,0.01,0.01,0.06,0.59,0.62,1.21
19/07/2020,0.16,0.01,0.28,0.02,0.03,0.01,0.00,0.07,0.59,0.59,1.18
20/07/2020,0.16,0.01,0.29,0.02,0.03,0.01,0.01,0.08,0.60,0.54,1.14
21/07/2020,0.15,0.01,0.28,0.02,0.03,0.01,0.01,0.08,0.59,0.52,1.11
22/07/2020,0.16,0.01,0.29,0.02,0.03,0.02,0.01,0.08,0.60,0.56,1.16
23/07/2020,0.16,0.01,0.30,0.02,0.03,0.02,0.01,0.08,0.63,0.58,1.21
24/07/2020,0.16,0.01,0.31,0.02,0.04,0.01,0.01,0.08,0.65,0.61,1.26
25/07/2020,0.16,0.01,0.29,0.02,0.03,0.02,0.00,0.07,0.60,0.63,1.23
26/07/2020,0.16,0.01,0.28,0.02,0.03,0.02,0.01,0.07,0.60,0.61,1.21
27/07/2020,0.16,0.01,0.28,0.02,0.03,0.01,0.01,0.08,0.60,0.55,1.15
28/07/2020,0.16,0.01,0.28,0.02,0.03,0.01,0.01,0.08,0.59,0.54,1.13
29/07/2020,0.15,0.01,0.25,0.02,0.03,0.01,0.01,0.07,0.55,0.54,1.08
30/07/2020,0.16,0.01,0.29,0.02,0.03,0.01,0.01,0.08,0.61,0.57,1.18
31/07/2020,0.16,0.01,0.30,0.02,0.04,0.01,0.01,0.08,0.64,0.61,1.25
